Instance,Orbital Crossover Time,Objective
cod103.mps,0.322726,-93.090909
cod105.mps,0.783418,-18.285714
cod733.mps,2.720707,-145.800000
codbt062.mps,0.907748,11.950820
codbt063.mps,1.362710,4.527950
codbt071.mps,2.723641,145.800000
